# ************************************************************
# Sequel Ace SQL dump
# Version 20046
#
# https://sequel-ace.com/
# https://github.com/Sequel-Ace/Sequel-Ace
#
# Host: uocnas.kut.ac.kr (MySQL 5.5.5-10.3.29-MariaDB)
# Database: crazyoungs
# Generation Time: 2023-04-12 03:52:16 +0000
# ************************************************************


/*!40101 SET @OLD_CHARACTER_SET_CLIENT=@@CHARACTER_SET_CLIENT */;
/*!40101 SET @OLD_CHARACTER_SET_RESULTS=@@CHARACTER_SET_RESULTS */;
/*!40101 SET @OLD_COLLATION_CONNECTION=@@COLLATION_CONNECTION */;
SET NAMES utf8mb4;
/*!40014 SET @OLD_FOREIGN_KEY_CHECKS=@@FOREIGN_KEY_CHECKS, FOREIGN_KEY_CHECKS=0 */;
/*!40101 SET @OLD_SQL_MODE='NO_AUTO_VALUE_ON_ZERO', SQL_MODE='NO_AUTO_VALUE_ON_ZERO' */;
/*!40111 SET @OLD_SQL_NOTES=@@SQL_NOTES, SQL_NOTES=0 */;


# Dump of table ARTICLE
# ------------------------------------------------------------

DROP TABLE IF EXISTS `ARTICLE`;

CREATE TABLE `ARTICLE` (
  `ARTICLE_NO` int(11) unsigned NOT NULL AUTO_INCREMENT COMMENT '재배 식물 거래 글 고유 번호',
  `USER_NO` int(11) unsigned NOT NULL,
  `PLANT_NO` int(11) unsigned DEFAULT NULL,
  `ARTICLE_TITLE` varchar(300) DEFAULT NULL,
  `ARTICLE_SUBJECT` varchar(30) DEFAULT NULL,
  `ARTICLE_CONTENT` text DEFAULT NULL,
  `ARTICLE_PRODUCT_PRICE` int(11) DEFAULT NULL,
  `ARTICLE_CRAETETIME` timestamp NULL DEFAULT current_timestamp() ON UPDATE current_timestamp(),
  `ARTICLE_MODIFYTIME` timestamp NULL DEFAULT current_timestamp() ON UPDATE current_timestamp(),
  PRIMARY KEY (`ARTICLE_NO`),
  KEY `USER_NO` (`USER_NO`),
  CONSTRAINT `ARTICLE_ibfk_1` FOREIGN KEY (`USER_NO`) REFERENCES `USER` (`USER_NO`)
) ENGINE=InnoDB AUTO_INCREMENT=4 DEFAULT CHARSET=utf8;

LOCK TABLES `ARTICLE` WRITE;
/*!40000 ALTER TABLE `ARTICLE` DISABLE KEYS */;

INSERT INTO `ARTICLE` (`ARTICLE_NO`, `USER_NO`, `PLANT_NO`, `ARTICLE_TITLE`, `ARTICLE_SUBJECT`, `ARTICLE_CONTENT`, `ARTICLE_PRODUCT_PRICE`, `ARTICLE_CRAETETIME`, `ARTICLE_MODIFYTIME`)
VALUES
	(1,0,NULL,NULL,'TEST1','TEST',1000,'2023-04-11 10:28:01','2023-04-11 10:28:01'),
	(2,0,NULL,NULL,'TEST2','TEST',1000,'2023-04-11 10:28:03','2023-04-11 10:28:03'),
	(3,0,NULL,NULL,'TEST3','TEST',1000,'2023-04-11 10:28:06','2023-04-11 10:28:06');

/*!40000 ALTER TABLE `ARTICLE` ENABLE KEYS */;
UNLOCK TABLES;


# Dump of table PLANT
# ------------------------------------------------------------

DROP TABLE IF EXISTS `PLANT`;

CREATE TABLE `PLANT` (
  `PLANT_NO` int(11) unsigned NOT NULL AUTO_INCREMENT COMMENT '식물 등록번호',
  `PLANT_NM` varchar(50) DEFAULT NULL COMMENT '식물 이름',
  `PLANT_CREATETIME` timestamp NOT NULL DEFAULT '0000-00-00 00:00:00' ON UPDATE current_timestamp(),
  PRIMARY KEY (`PLANT_NO`)
) ENGINE=InnoDB AUTO_INCREMENT=6 DEFAULT CHARSET=utf8mb4;

LOCK TABLES `PLANT` WRITE;
/*!40000 ALTER TABLE `PLANT` DISABLE KEYS */;

INSERT INTO `PLANT` (`PLANT_NO`, `PLANT_NM`, `PLANT_CREATETIME`)
VALUES
	(0,'콩나물','0000-00-00 00:00:00'),
	(1,'방울토마토','0000-00-00 00:00:00'),
	(2,'고사리','0000-00-00 00:00:00'),
	(3,'당근','0000-00-00 00:00:00'),
	(4,'나물','0000-00-00 00:00:00');

/*!40000 ALTER TABLE `PLANT` ENABLE KEYS */;
UNLOCK TABLES;


# Dump of table PLANT_SCORE
# ------------------------------------------------------------

DROP TABLE IF EXISTS `PLANT_SCORE`;

CREATE TABLE `PLANT_SCORE` (
  `PLANT_SCORE_NO` int(11) unsigned NOT NULL AUTO_INCREMENT,
  PRIMARY KEY (`PLANT_SCORE_NO`)
) ENGINE=InnoDB DEFAULT CHARSET=utf8;



# Dump of table PLANT_SR
# ------------------------------------------------------------

DROP TABLE IF EXISTS `PLANT_SR`;

CREATE TABLE `PLANT_SR` (
  `PLANT_SR_NO` int(11) unsigned NOT NULL AUTO_INCREMENT,
  `PLANT_NO` int(11) unsigned NOT NULL COMMENT '식물 정보',
  `WH_PLANT_NO` int(11) unsigned NOT NULL COMMENT '식물 창고 칸 고유 번호',
  `SR_DHT_NO` int(11) unsigned NOT NULL,
  `SR_PR_NO` int(11) unsigned NOT NULL,
  `SR_WT_NO` int(11) unsigned NOT NULL,
  `PLANT_SR_HUMI` float DEFAULT NULL COMMENT '습도',
  `PLANT_SR_TEMP` float DEFAULT NULL COMMENT '온도',
  `PLANT_SR_LIGHT` float DEFAULT NULL COMMENT '조도 센서 값',
  `PLANT_SR_WT` float DEFAULT NULL COMMENT '물 온도',
  `PLANT_SR_END` int(11) unsigned DEFAULT 0 COMMENT '식물 재배 여부(1: 재배/ 기르기 종료, 0 or Null:  기르는중)',
  `PLANT_SR_CREATETIME` timestamp NOT NULL DEFAULT current_timestamp() ON UPDATE current_timestamp(),
  PRIMARY KEY (`PLANT_SR_NO`),
  KEY `PLANT_NO` (`PLANT_NO`),
  KEY `SR_DHT_NO` (`SR_DHT_NO`),
  KEY `SR_PR_NO` (`SR_PR_NO`),
  KEY `SR_WT_NO` (`SR_WT_NO`),
  KEY `WH_PLANT_NO` (`WH_PLANT_NO`),
  CONSTRAINT `PLANT_NO` FOREIGN KEY (`PLANT_NO`) REFERENCES `PLANT` (`PLANT_NO`),
  CONSTRAINT `SR_DHT_NO` FOREIGN KEY (`SR_DHT_NO`) REFERENCES `SR_DHT` (`SR_DHT_NO`),
  CONSTRAINT `SR_PR_NO` FOREIGN KEY (`SR_PR_NO`) REFERENCES `SR_PR` (`SR_PR_NO`),
  CONSTRAINT `SR_WT_NO` FOREIGN KEY (`SR_WT_NO`) REFERENCES `SR_WT` (`SR_WT_NO`),
  CONSTRAINT `WH_PLANT_NO` FOREIGN KEY (`WH_PLANT_NO`) REFERENCES `WH_PLANT` (`WH_PLANT_NO`)
) ENGINE=InnoDB AUTO_INCREMENT=401 DEFAULT CHARSET=utf8mb4;

LOCK TABLES `PLANT_SR` WRITE;
/*!40000 ALTER TABLE `PLANT_SR` DISABLE KEYS */;

INSERT INTO `PLANT_SR` (`PLANT_SR_NO`, `PLANT_NO`, `WH_PLANT_NO`, `SR_DHT_NO`, `SR_PR_NO`, `SR_WT_NO`, `PLANT_SR_HUMI`, `PLANT_SR_TEMP`, `PLANT_SR_LIGHT`, `PLANT_SR_WT`, `PLANT_SR_END`, `PLANT_SR_CREATETIME`)
VALUES
	(1,0,0,0,0,0,89,48,NULL,NULL,NULL,'2023-04-10 14:26:41'),
	(2,0,0,0,0,0,8,38,NULL,NULL,NULL,'2023-04-10 14:26:41'),
	(3,0,0,0,0,0,70,35,NULL,NULL,NULL,'2023-04-10 14:26:41'),
	(4,0,0,0,0,0,6,25,NULL,NULL,NULL,'2023-04-10 14:26:41'),
	(5,0,0,0,0,0,84,9,NULL,NULL,NULL,'2023-04-10 14:26:41'),
	(6,0,0,0,0,0,42,45,NULL,NULL,NULL,'2023-04-10 14:26:41'),
	(7,0,0,0,0,0,91,11,NULL,NULL,NULL,'2023-04-10 14:26:41'),
	(8,0,0,0,0,0,20,19,NULL,NULL,NULL,'2023-04-10 14:26:41'),
	(9,0,0,0,0,0,86,32,NULL,NULL,NULL,'2023-04-10 14:26:41'),
	(10,0,0,0,0,0,0,13,NULL,NULL,NULL,'2023-04-10 14:26:41'),
	(11,0,0,0,0,0,52,23,NULL,NULL,NULL,'2023-04-10 14:26:41'),
	(12,0,0,0,0,0,87,28,NULL,NULL,NULL,'2023-04-10 14:26:41'),
	(13,0,0,0,0,0,49,45,NULL,NULL,NULL,'2023-04-10 14:26:41'),
	(14,0,0,0,0,0,84,19,NULL,NULL,NULL,'2023-04-10 14:26:41'),
	(15,0,0,0,0,0,98,0,NULL,NULL,NULL,'2023-04-10 14:26:41'),
	(16,0,0,0,0,0,24,2,NULL,NULL,NULL,'2023-04-10 14:26:41'),
	(17,0,0,0,0,0,79,0,NULL,NULL,NULL,'2023-04-10 14:26:41'),
	(18,0,0,0,0,0,30,46,NULL,NULL,NULL,'2023-04-10 14:26:41'),
	(19,0,0,0,0,0,91,45,NULL,NULL,NULL,'2023-04-10 14:26:41'),
	(20,0,0,0,0,0,68,0,NULL,NULL,NULL,'2023-04-10 14:26:41'),
	(21,0,0,0,0,0,50,36,NULL,NULL,NULL,'2023-04-10 14:26:41'),
	(22,0,0,0,0,0,32,22,NULL,NULL,NULL,'2023-04-10 14:26:41'),
	(23,0,0,0,0,0,51,14,NULL,NULL,NULL,'2023-04-10 14:26:41'),
	(24,0,0,0,0,0,5,8,NULL,NULL,NULL,'2023-04-10 14:26:41'),
	(25,0,0,0,0,0,40,0,NULL,NULL,NULL,'2023-04-10 14:26:41'),
	(26,0,0,0,0,0,0,0,NULL,NULL,NULL,'2023-04-10 14:26:41'),
	(27,0,0,0,0,0,35,45,NULL,NULL,NULL,'2023-04-10 14:26:41'),
	(28,0,0,0,0,0,87,25,NULL,NULL,NULL,'2023-04-10 14:26:41'),
	(29,0,0,0,0,0,37,0,NULL,NULL,NULL,'2023-04-10 14:26:41'),
	(30,0,0,0,0,0,69,3,NULL,NULL,NULL,'2023-04-10 14:26:41'),
	(31,0,0,0,0,0,24,48,NULL,NULL,NULL,'2023-04-10 14:26:41'),
	(32,0,0,0,0,0,1,0,NULL,NULL,NULL,'2023-04-10 14:26:41'),
	(33,0,0,0,0,0,15,29,NULL,NULL,NULL,'2023-04-10 14:26:41'),
	(34,0,0,0,0,0,89,43,NULL,NULL,NULL,'2023-04-10 14:26:41'),
	(35,0,0,0,0,0,53,31,NULL,NULL,NULL,'2023-04-10 14:26:41'),
	(36,0,0,0,0,0,11,12,NULL,NULL,NULL,'2023-04-10 14:26:41'),
	(37,0,0,0,0,0,39,42,NULL,NULL,NULL,'2023-04-10 14:26:41'),
	(38,0,0,0,0,0,21,2,NULL,NULL,NULL,'2023-04-10 14:26:41'),
	(39,0,0,0,0,0,67,37,NULL,NULL,NULL,'2023-04-10 14:26:41'),
	(40,0,0,0,0,0,44,41,NULL,NULL,NULL,'2023-04-10 14:26:41'),
	(41,0,0,0,0,0,76,28,NULL,NULL,NULL,'2023-04-10 14:26:41'),
	(42,0,0,0,0,0,90,37,NULL,NULL,NULL,'2023-04-10 14:26:41'),
	(43,0,0,0,0,0,42,42,NULL,NULL,NULL,'2023-04-10 14:26:41'),
	(44,0,0,0,0,0,42,21,NULL,NULL,NULL,'2023-04-10 14:26:41'),
	(45,0,0,0,0,0,30,47,NULL,NULL,NULL,'2023-04-10 14:26:41'),
	(46,0,0,0,0,0,42,4,NULL,NULL,NULL,'2023-04-10 14:26:41'),
	(47,0,0,0,0,0,4,20,NULL,NULL,NULL,'2023-04-10 14:26:41'),
	(48,0,0,0,0,0,73,39,NULL,NULL,NULL,'2023-04-10 14:26:41'),
	(49,0,0,0,0,0,32,24,NULL,NULL,NULL,'2023-04-10 14:26:41'),
	(50,0,0,0,0,0,20,17,NULL,NULL,NULL,'2023-04-10 14:26:41'),
	(51,0,0,0,0,0,57,38,NULL,NULL,NULL,'2023-04-10 14:26:41'),
	(52,0,0,0,0,0,43,1,NULL,NULL,NULL,'2023-04-10 14:26:41'),
	(53,0,0,0,0,0,52,39,NULL,NULL,NULL,'2023-04-10 14:26:41'),
	(54,0,0,0,0,0,8,21,NULL,NULL,NULL,'2023-04-10 14:26:41'),
	(55,0,0,0,0,0,70,36,NULL,NULL,NULL,'2023-04-10 14:26:41'),
	(56,0,0,0,0,0,40,26,NULL,NULL,NULL,'2023-04-10 14:26:41'),
	(57,0,0,0,0,0,15,22,NULL,NULL,NULL,'2023-04-10 14:26:41'),
	(58,0,0,0,0,0,48,45,NULL,NULL,NULL,'2023-04-10 14:26:41'),
	(59,0,0,0,0,0,7,0,NULL,NULL,NULL,'2023-04-10 14:26:41'),
	(60,0,0,0,0,0,39,5,NULL,NULL,NULL,'2023-04-10 14:26:41'),
	(61,0,0,0,0,0,77,10,NULL,NULL,NULL,'2023-04-10 14:26:41'),
	(62,0,0,0,0,0,38,0,NULL,NULL,NULL,'2023-04-10 14:26:41'),
	(63,0,0,0,0,0,50,45,NULL,NULL,NULL,'2023-04-10 14:26:41'),
	(64,0,0,0,0,0,19,0,NULL,NULL,NULL,'2023-04-10 14:26:41'),
	(65,0,0,0,0,0,5,0,NULL,NULL,NULL,'2023-04-10 14:26:41'),
	(66,0,0,0,0,0,63,47,NULL,NULL,NULL,'2023-04-10 14:26:41'),
	(67,0,0,0,0,0,83,42,NULL,NULL,NULL,'2023-04-10 14:26:41'),
	(68,0,0,0,0,0,88,40,NULL,NULL,NULL,'2023-04-10 14:26:41'),
	(69,0,0,0,0,0,91,1,NULL,NULL,NULL,'2023-04-10 14:26:41'),
	(70,0,0,0,0,0,1,0,NULL,NULL,NULL,'2023-04-10 14:26:41'),
	(71,0,0,0,0,0,46,28,NULL,NULL,NULL,'2023-04-10 14:26:41'),
	(72,0,0,0,0,0,86,0,NULL,NULL,NULL,'2023-04-10 14:26:41'),
	(73,0,0,0,0,0,87,25,NULL,NULL,NULL,'2023-04-10 14:26:41'),
	(74,0,0,0,0,0,64,3,NULL,NULL,NULL,'2023-04-10 14:26:41'),
	(75,0,0,0,0,0,30,38,NULL,NULL,NULL,'2023-04-10 14:26:41'),
	(76,0,0,0,0,0,37,41,NULL,NULL,NULL,'2023-04-10 14:26:41'),
	(77,0,0,0,0,0,55,9,NULL,NULL,NULL,'2023-04-10 14:26:41'),
	(78,0,0,0,0,0,30,48,NULL,NULL,NULL,'2023-04-10 14:26:41'),
	(79,0,0,0,0,0,51,9,NULL,NULL,NULL,'2023-04-10 14:26:41'),
	(80,0,0,0,0,0,88,38,NULL,NULL,NULL,'2023-04-10 14:26:41'),
	(81,0,0,0,0,0,42,0,NULL,NULL,NULL,'2023-04-10 14:26:41'),
	(82,0,0,0,0,0,58,0,NULL,NULL,NULL,'2023-04-10 14:26:41'),
	(83,0,0,0,0,0,88,29,NULL,NULL,NULL,'2023-04-10 14:26:41'),
	(84,0,0,0,0,0,75,12,NULL,NULL,NULL,'2023-04-10 14:26:41'),
	(85,0,0,0,0,0,86,19,NULL,NULL,NULL,'2023-04-10 14:26:41'),
	(86,0,0,0,0,0,97,10,NULL,NULL,NULL,'2023-04-10 14:26:41'),
	(87,0,0,0,0,0,49,35,NULL,NULL,NULL,'2023-04-10 14:26:41'),
	(88,0,0,0,0,0,92,33,NULL,NULL,NULL,'2023-04-10 14:26:41'),
	(89,0,0,0,0,0,58,40,NULL,NULL,NULL,'2023-04-10 14:26:41'),
	(90,0,0,0,0,0,73,31,NULL,NULL,NULL,'2023-04-10 14:26:41'),
	(91,0,0,0,0,0,61,11,NULL,NULL,NULL,'2023-04-10 14:26:41'),
	(92,0,0,0,0,0,3,11,NULL,NULL,NULL,'2023-04-10 14:26:41'),
	(93,0,0,0,0,0,11,18,NULL,NULL,NULL,'2023-04-10 14:26:41'),
	(94,0,0,0,0,0,22,26,NULL,NULL,NULL,'2023-04-10 14:26:41'),
	(95,0,0,0,0,0,71,0,NULL,NULL,NULL,'2023-04-10 14:26:41'),
	(96,0,0,0,0,0,28,29,NULL,NULL,NULL,'2023-04-10 14:26:41'),
	(97,0,0,0,0,0,11,11,NULL,NULL,NULL,'2023-04-10 14:26:41'),
	(98,0,0,0,0,0,51,23,NULL,NULL,NULL,'2023-04-10 14:26:41'),
	(99,0,0,0,0,0,21,44,NULL,NULL,NULL,'2023-04-10 14:26:41'),
	(100,0,0,0,0,0,30,28,NULL,NULL,NULL,'2023-04-10 14:26:41'),
	(101,0,0,0,0,0,63,0,NULL,NULL,NULL,'2023-04-10 14:26:41'),
	(102,0,0,0,0,0,0,7,NULL,NULL,NULL,'2023-04-10 14:26:41'),
	(103,0,0,0,0,0,83,32,NULL,NULL,NULL,'2023-04-10 14:26:41'),
	(104,0,0,0,0,0,1,29,NULL,NULL,NULL,'2023-04-10 14:26:41'),
	(105,0,0,0,0,0,61,44,NULL,NULL,NULL,'2023-04-10 14:26:41'),
	(106,0,0,0,0,0,0,1,NULL,NULL,NULL,'2023-04-10 14:26:41'),
	(107,0,0,0,0,0,63,19,NULL,NULL,NULL,'2023-04-10 14:26:41'),
	(108,0,0,0,0,0,56,0,NULL,NULL,NULL,'2023-04-10 14:26:41'),
	(109,0,0,0,0,0,14,42,NULL,NULL,NULL,'2023-04-10 14:26:41'),
	(110,0,0,0,0,0,68,0,NULL,NULL,NULL,'2023-04-10 14:26:41'),
	(111,0,0,0,0,0,85,6,NULL,NULL,NULL,'2023-04-10 14:26:41'),
	(112,0,0,0,0,0,85,32,NULL,NULL,NULL,'2023-04-10 14:26:41'),
	(113,0,0,0,0,0,99,21,NULL,NULL,NULL,'2023-04-10 14:26:41'),
	(114,0,0,0,0,0,86,11,NULL,NULL,NULL,'2023-04-10 14:26:41'),
	(115,0,0,0,0,0,0,0,NULL,NULL,NULL,'2023-04-10 14:26:41'),
	(116,0,0,0,0,0,0,0,NULL,NULL,NULL,'2023-04-10 14:26:41'),
	(117,0,0,0,0,0,0,0,NULL,NULL,NULL,'2023-04-10 14:26:41'),
	(118,0,0,0,0,0,0,0,NULL,NULL,NULL,'2023-04-10 14:26:41'),
	(119,0,0,0,0,0,0,0,NULL,NULL,NULL,'2023-04-10 14:26:41'),
	(120,0,0,0,0,0,0,0,NULL,NULL,NULL,'2023-04-10 14:26:41'),
	(121,0,0,0,0,0,0,0,NULL,NULL,NULL,'2023-04-10 14:26:41'),
	(122,0,0,0,0,0,0,0,NULL,NULL,NULL,'2023-04-10 14:26:41'),
	(123,0,0,0,0,0,0,0,NULL,NULL,NULL,'2023-04-10 14:26:41'),
	(124,0,0,0,0,0,0,0,NULL,NULL,NULL,'2023-04-10 14:26:41'),
	(125,0,0,0,0,0,0,0,NULL,NULL,NULL,'2023-04-10 14:26:41'),
	(126,0,0,0,0,0,0,0,NULL,NULL,NULL,'2023-04-10 14:26:41'),
	(127,0,0,0,0,0,0,0,NULL,NULL,NULL,'2023-04-10 14:26:41'),
	(128,0,0,0,0,0,0,0,NULL,NULL,NULL,'2023-04-10 14:26:41'),
	(129,0,0,0,0,0,0,0,NULL,NULL,NULL,'2023-04-10 14:26:41'),
	(130,0,0,0,0,0,0,0,NULL,NULL,NULL,'2023-04-10 14:26:41'),
	(131,0,0,0,0,0,0,0,NULL,NULL,NULL,'2023-04-10 14:26:41'),
	(132,0,0,0,0,0,1,0,NULL,NULL,NULL,'2023-04-10 14:26:41'),
	(133,0,0,0,0,0,1,0,NULL,NULL,NULL,'2023-04-10 14:26:41'),
	(134,0,0,0,0,0,1,0,NULL,NULL,NULL,'2023-04-10 14:26:41'),
	(135,0,0,0,0,0,1,0,NULL,NULL,NULL,'2023-04-10 14:26:41'),
	(136,0,0,0,0,0,1,0,NULL,NULL,NULL,'2023-04-10 14:26:41'),
	(137,0,0,0,0,0,1,0,NULL,NULL,NULL,'2023-04-10 14:26:41'),
	(138,0,0,0,0,0,1,0,NULL,NULL,NULL,'2023-04-10 14:26:41'),
	(139,0,0,0,0,0,1,0,NULL,NULL,NULL,'2023-04-10 14:26:41'),
	(140,0,0,0,0,0,1,0,NULL,NULL,NULL,'2023-04-10 14:26:41'),
	(141,0,0,0,0,0,2,0,NULL,NULL,NULL,'2023-04-10 14:26:41'),
	(142,0,0,0,0,0,2,0,NULL,NULL,NULL,'2023-04-10 14:26:41'),
	(143,0,0,0,0,0,2,0,NULL,NULL,NULL,'2023-04-10 14:26:41'),
	(144,0,0,0,0,0,2,12,NULL,NULL,NULL,'2023-04-10 14:26:41'),
	(145,0,0,0,0,0,2,12,NULL,NULL,NULL,'2023-04-10 14:26:41'),
	(146,0,0,0,0,0,2,12,NULL,NULL,NULL,'2023-04-10 14:26:41'),
	(147,0,0,0,0,0,0,0,NULL,NULL,NULL,'2023-04-10 14:26:41'),
	(148,0,0,0,0,0,0,0,NULL,NULL,NULL,'2023-04-10 14:26:41'),
	(149,0,0,0,0,0,0,0,NULL,NULL,NULL,'2023-04-10 14:26:41'),
	(150,0,0,0,0,0,0,0,NULL,NULL,NULL,'2023-04-10 14:26:41'),
	(151,0,0,0,0,0,0,0,NULL,NULL,NULL,'2023-04-10 14:26:41'),
	(152,0,0,0,0,0,0,0,NULL,NULL,NULL,'2023-04-10 14:26:41'),
	(153,0,0,0,0,0,0,0,NULL,NULL,NULL,'2023-04-10 14:26:41'),
	(154,0,0,0,0,0,0,0,NULL,NULL,NULL,'2023-04-10 14:26:41'),
	(155,0,0,0,0,0,0,0,NULL,NULL,NULL,'2023-04-10 14:26:41'),
	(156,0,0,0,0,0,0,0,NULL,NULL,NULL,'2023-04-10 14:26:41'),
	(157,0,0,0,0,0,0,0,NULL,NULL,NULL,'2023-04-10 14:26:41'),
	(158,0,0,0,0,0,0,0,NULL,NULL,NULL,'2023-04-10 14:26:41'),
	(159,0,0,0,0,0,0,0,NULL,NULL,NULL,'2023-04-10 14:26:41'),
	(160,0,0,0,0,0,0,0,NULL,NULL,NULL,'2023-04-10 14:26:41'),
	(161,0,0,0,0,0,0,0,NULL,NULL,NULL,'2023-04-10 14:26:41'),
	(162,0,0,0,0,0,0,0,NULL,NULL,NULL,'2023-04-10 14:26:41'),
	(163,0,0,0,0,0,1,1,NULL,NULL,NULL,'2023-04-10 14:26:41'),
	(164,0,0,0,0,0,23.8,20,2,3,NULL,'2023-04-10 14:26:41'),
	(165,0,0,0,0,0,28,24.4,1023,25.6875,NULL,'2023-04-10 14:26:41'),
	(166,0,0,0,0,0,28,24.4,1023,25.625,NULL,'2023-04-10 14:26:41'),
	(167,0,0,0,0,0,28,24.6,1023,27.75,NULL,'2023-04-10 14:26:41'),
	(168,0,0,0,0,0,28,24.5,1023,30.5,NULL,'2023-04-10 14:26:41'),
	(169,0,0,0,0,0,28,24.3,1023,31.6875,NULL,'2023-04-10 14:26:41'),
	(170,0,0,0,0,0,28,24.1,1023,32,NULL,'2023-04-10 14:26:41'),
	(171,0,0,0,0,0,28,24.1,1023,31.6875,NULL,'2023-04-10 14:26:41'),
	(172,0,0,0,0,0,28,24,1023,31.25,NULL,'2023-04-10 14:26:41'),
	(173,0,0,0,0,0,28,23.8,1023,31,NULL,'2023-04-10 14:26:41'),
	(174,0,0,0,0,0,28,24.1,1023,29.9375,NULL,'2023-04-10 14:26:41'),
	(175,0,0,0,0,0,28,24.2,1023,29.9375,NULL,'2023-04-10 14:26:41'),
	(176,0,0,0,0,0,28,24.3,1023,29.5,NULL,'2023-04-10 14:26:41'),
	(177,0,0,0,0,0,28,24.5,1023,29.25,NULL,'2023-04-10 14:26:41'),
	(178,0,0,0,0,0,28,24.5,1023,29.0625,NULL,'2023-04-10 14:26:41'),
	(179,0,0,0,0,0,28,24.4,1023,28.75,NULL,'2023-04-10 14:26:41'),
	(180,0,0,0,0,0,28,24.4,1023,28.75,NULL,'2023-04-10 14:26:41'),
	(181,0,0,0,0,0,28,24.7,1023,28.625,NULL,'2023-04-10 14:26:41'),
	(182,0,0,0,0,0,28,24.7,1023,28.4375,NULL,'2023-04-10 14:26:41'),
	(183,0,0,0,0,0,28,25,1023,28.375,NULL,'2023-04-10 14:26:41'),
	(184,0,0,0,0,0,28,25,1023,28.125,NULL,'2023-04-10 14:26:41'),
	(185,0,0,0,0,0,28,25.4,1023,27.8125,NULL,'2023-04-10 14:26:41'),
	(186,0,0,0,0,0,28,25.1,1023,27.9375,NULL,'2023-04-10 14:26:41'),
	(187,0,0,0,0,0,28,25,1023,27.5625,NULL,'2023-04-10 14:26:41'),
	(188,0,0,0,0,0,28,24.5,1023,26.9375,NULL,'2023-04-10 14:26:41'),
	(189,0,0,0,0,0,28,24.7,1023,27.5,NULL,'2023-04-10 14:26:41'),
	(190,0,0,0,0,0,28,24.3,1023,27.25,NULL,'2023-04-10 14:26:41'),
	(191,0,0,0,0,0,28,24.3,1023,27.375,NULL,'2023-04-10 14:26:41'),
	(192,0,0,0,0,0,28,24.1,1023,27.1875,NULL,'2023-04-10 14:26:41'),
	(193,0,0,0,0,0,28,24.3,1023,27.125,NULL,'2023-04-10 14:26:41'),
	(194,0,0,0,0,0,28,24.4,1023,27.0625,NULL,'2023-04-10 14:26:41'),
	(195,0,0,0,0,0,28,24.4,1023,26.9375,NULL,'2023-04-10 14:26:41'),
	(196,0,0,0,0,0,28,24.6,1023,26.875,NULL,'2023-04-10 14:26:41'),
	(197,0,0,0,0,0,28,24.8,1023,26.9375,NULL,'2023-04-10 14:26:41'),
	(198,0,0,0,0,0,28,24.8,1023,26.875,NULL,'2023-04-10 14:26:41'),
	(199,0,0,0,0,0,28,24.9,1023,26.8125,NULL,'2023-04-10 14:26:41'),
	(200,0,0,0,0,0,28,24.9,1023,26.6875,NULL,'2023-04-10 14:26:41'),
	(201,0,0,0,0,0,28,24.8,1023,26.625,NULL,'2023-04-10 14:26:41'),
	(202,0,0,0,0,0,28,24.6,1023,25.6875,NULL,'2023-04-10 14:26:41'),
	(203,0,0,0,0,0,28,24.3,1023,26.625,NULL,'2023-04-10 14:26:41'),
	(204,0,0,0,0,0,28,24.5,1023,26.4375,NULL,'2023-04-10 14:26:41'),
	(205,0,0,0,0,0,28,24.4,1023,26.375,NULL,'2023-04-10 14:26:41'),
	(206,0,0,0,0,0,28,24.4,1023,26.5,NULL,'2023-04-10 14:26:41'),
	(207,0,0,0,0,0,28,24.5,1023,26.4375,NULL,'2023-04-10 14:26:41'),
	(208,0,0,0,0,0,28,24.4,1023,26.5,NULL,'2023-04-10 14:26:41'),
	(209,0,0,0,0,0,28,24.4,1023,26.5625,NULL,'2023-04-10 14:26:41'),
	(210,0,0,0,0,0,29,24.2,1023,26.3125,NULL,'2023-04-10 14:26:41'),
	(211,0,0,0,0,0,29,24.6,1023,26.1875,NULL,'2023-04-10 14:26:41'),
	(212,0,0,0,0,0,29,24.5,1023,26.4375,NULL,'2023-04-10 14:26:41'),
	(213,0,0,0,0,0,28,24.5,1023,26.1875,NULL,'2023-04-10 14:26:41'),
	(214,0,0,0,0,0,28,24.5,1023,26.3125,NULL,'2023-04-10 14:26:41'),
	(215,0,0,0,0,0,28,24.4,1023,26.375,NULL,'2023-04-10 14:26:41'),
	(216,0,0,0,0,0,28,24.4,1023,26.125,NULL,'2023-04-10 14:26:41'),
	(217,0,0,0,0,0,28,24.4,1023,26.25,NULL,'2023-04-10 14:26:41'),
	(218,0,0,0,0,0,29,24.3,1023,26.0625,NULL,'2023-04-10 14:26:41'),
	(219,0,0,0,0,0,29,24.5,1023,25.9375,NULL,'2023-04-10 14:26:41'),
	(220,0,0,0,0,0,29,24.9,1023,26.25,NULL,'2023-04-10 14:26:41'),
	(221,0,0,0,0,0,29,24.9,1023,24.9375,NULL,'2023-04-10 14:26:41'),
	(222,0,0,0,0,0,29,25,1023,26.1875,NULL,'2023-04-10 14:26:41'),
	(223,0,0,0,0,0,29,25,1023,26.125,NULL,'2023-04-10 14:26:41'),
	(224,0,0,0,0,0,28,24.9,1023,26,NULL,'2023-04-10 14:26:41'),
	(225,0,0,0,0,0,28,24.8,1023,25.9375,NULL,'2023-04-10 14:26:41'),
	(226,0,0,0,0,0,29,24.5,1023,26,NULL,'2023-04-10 14:26:41'),
	(227,0,0,0,0,0,28,24.5,1023,26.0625,NULL,'2023-04-10 14:26:41'),
	(228,0,0,0,0,0,28,24.3,1023,26.0625,NULL,'2023-04-10 14:26:41'),
	(229,0,0,0,0,0,28,24.3,1023,26.125,NULL,'2023-04-10 14:26:41'),
	(230,0,0,0,0,0,28,24.2,1023,25.9375,NULL,'2023-04-10 14:26:41'),
	(231,0,0,0,0,0,29,24.1,1023,26.125,NULL,'2023-04-10 14:26:41'),
	(232,0,0,0,0,0,0,0,0,0,NULL,'2023-04-10 14:26:41'),
	(233,0,0,0,0,0,29,24.1,1023,25.9375,NULL,'2023-04-10 14:26:41'),
	(234,0,0,0,0,0,29,24.2,1023,25.875,NULL,'2023-04-10 14:26:41'),
	(235,0,0,0,0,0,29,24.3,1023,25.8125,NULL,'2023-04-10 14:26:41'),
	(236,0,0,0,0,0,29,24.5,1023,25.9375,NULL,'2023-04-10 14:26:41'),
	(237,0,0,0,0,0,29,24.4,1023,26,NULL,'2023-04-10 14:26:41'),
	(238,0,0,0,0,0,29,24.4,1023,25.875,NULL,'2023-04-10 14:26:41'),
	(239,0,0,0,0,0,29,24.5,1023,25.6875,NULL,'2023-04-10 14:26:41'),
	(240,0,0,0,0,0,29,24.3,1023,25.875,NULL,'2023-04-10 14:26:41'),
	(241,0,0,0,0,0,29,24.4,1023,25.9375,NULL,'2023-04-10 14:26:41'),
	(242,0,0,0,0,0,29,24.5,1023,25.8125,NULL,'2023-04-10 14:26:41'),
	(243,0,0,0,0,0,29,24.7,1023,25.875,NULL,'2023-04-10 14:26:41'),
	(244,0,0,0,0,0,29,24.7,1023,25.75,NULL,'2023-04-10 14:26:41'),
	(245,0,0,0,0,0,29,24.7,1023,25.875,NULL,'2023-04-10 14:26:41'),
	(246,0,0,0,0,0,29,24.9,1023,25.6875,NULL,'2023-04-10 14:26:41'),
	(247,0,0,0,0,0,28,24.8,1023,25.875,NULL,'2023-04-10 14:26:41'),
	(248,0,0,0,0,0,29,24.5,1023,25.8125,NULL,'2023-04-10 14:26:41'),
	(249,0,0,0,0,0,29,24.7,1023,25.6875,NULL,'2023-04-10 14:26:41'),
	(250,0,0,0,0,0,29,24.7,1023,25.6875,NULL,'2023-04-10 14:26:41'),
	(251,0,0,0,0,0,29,24.4,1023,25.8125,NULL,'2023-04-10 14:26:41'),
	(252,0,0,0,0,0,29,24.5,1023,25.8125,NULL,'2023-04-10 14:26:41'),
	(253,0,0,0,0,0,29,24.5,1023,25.8125,NULL,'2023-04-10 14:26:41'),
	(254,0,0,0,0,0,29,24.3,1023,25.8125,NULL,'2023-04-10 14:26:41'),
	(255,0,0,0,0,0,30,24.3,1023,24.6875,NULL,'2023-04-10 14:26:41'),
	(256,0,0,0,0,0,30,24.2,1023,25.625,NULL,'2023-04-10 14:26:41'),
	(257,0,0,0,0,0,30,24.3,1023,24.6875,NULL,'2023-04-10 14:26:41'),
	(258,0,0,0,0,0,30,24.3,1023,25.8125,NULL,'2023-04-10 14:26:41'),
	(259,0,0,0,0,0,30,24.5,1023,25.8125,NULL,'2023-04-10 14:26:41'),
	(260,0,0,0,0,0,29,24.9,1023,25.75,NULL,'2023-04-10 14:26:41'),
	(261,0,0,0,0,0,29,24.7,1023,25.8125,NULL,'2023-04-10 14:26:41'),
	(262,0,0,0,0,0,29,24.9,1023,25.875,NULL,'2023-04-10 14:26:41'),
	(263,0,0,0,0,0,29,24.4,1023,25.875,NULL,'2023-04-10 14:26:41'),
	(264,0,0,0,0,0,29,24.4,1023,25.6875,NULL,'2023-04-10 14:26:41'),
	(265,0,0,0,0,0,29,24.6,1023,25.8125,NULL,'2023-04-10 14:26:41'),
	(266,0,0,0,0,0,29,24.2,1023,25.8125,NULL,'2023-04-10 14:26:41'),
	(267,0,0,0,0,0,29,24.3,1023,25.75,NULL,'2023-04-10 14:26:41'),
	(268,0,0,0,0,0,29,24.3,1023,25.75,NULL,'2023-04-10 14:26:41'),
	(269,0,0,0,0,0,29,24.6,1023,25.75,NULL,'2023-04-10 14:26:41'),
	(270,0,0,0,0,0,29,24.7,1023,25.625,NULL,'2023-04-10 14:26:41'),
	(271,0,0,0,0,0,29,24.3,1023,25.75,NULL,'2023-04-10 14:26:41'),
	(272,0,0,0,0,0,29,24.4,1023,26.0625,NULL,'2023-04-10 14:26:41'),
	(273,0,0,0,0,0,29,24.4,1023,26.125,NULL,'2023-04-10 14:26:41'),
	(274,0,0,0,0,0,30,24.3,1023,26.1875,NULL,'2023-04-10 14:26:41'),
	(275,0,0,0,0,0,30,24.2,1023,26,NULL,'2023-04-10 14:26:41'),
	(276,0,0,0,0,0,30,24.2,1023,26.125,NULL,'2023-04-10 14:26:41'),
	(277,0,0,0,0,0,30,24.2,1023,26.125,NULL,'2023-04-10 14:26:41'),
	(278,0,0,0,0,0,30,24.3,1023,26.25,NULL,'2023-04-10 14:26:41'),
	(279,0,0,0,0,0,30,24.4,1023,26.25,NULL,'2023-04-10 14:26:41'),
	(280,0,0,0,0,0,30,24.8,1023,26.0625,NULL,'2023-04-10 14:26:41'),
	(281,0,0,0,0,0,29,24.8,1023,26.0625,NULL,'2023-04-10 14:26:41'),
	(282,0,0,0,0,0,29,24.8,1023,26.0625,NULL,'2023-04-10 14:26:41'),
	(283,0,0,0,0,0,29,24.8,1023,25.25,NULL,'2023-04-10 14:26:41'),
	(284,0,0,0,0,0,29,24.8,1023,26,NULL,'2023-04-10 14:26:41'),
	(285,0,0,0,0,0,29,24.6,1023,25.875,NULL,'2023-04-10 14:26:41'),
	(286,0,0,0,0,0,29,24.6,1023,25.8125,NULL,'2023-04-10 14:26:41'),
	(287,0,0,0,0,0,29,24.7,1023,25.75,NULL,'2023-04-10 14:26:41'),
	(288,0,0,0,0,0,29,24.7,1023,25.875,NULL,'2023-04-10 14:26:41'),
	(289,0,0,0,0,0,29,24.8,1023,25.875,NULL,'2023-04-10 14:26:41'),
	(290,0,0,0,0,0,29,24.8,1023,29.875,NULL,'2023-04-10 14:26:41'),
	(291,0,0,0,0,0,29,24.8,1023,31.6875,NULL,'2023-04-10 14:26:41'),
	(292,0,0,0,0,0,29,24.6,1023,32.5625,NULL,'2023-04-10 14:26:41'),
	(293,0,0,0,0,0,29,24.9,1023,33.75,NULL,'2023-04-10 14:26:41'),
	(294,0,0,0,0,0,29,25,1023,34.0625,NULL,'2023-04-10 14:26:41'),
	(295,0,0,0,0,0,29,24.8,1023,34.1875,NULL,'2023-04-10 14:26:41'),
	(296,0,0,0,0,0,29,24.8,1023,34.1875,NULL,'2023-04-10 14:26:41'),
	(297,0,0,0,0,0,29,24.7,1023,34.5,NULL,'2023-04-10 14:26:41'),
	(298,0,0,0,0,0,29,24.7,1023,34.625,NULL,'2023-04-10 14:26:41'),
	(299,0,0,0,0,0,29,24.6,1023,34.625,NULL,'2023-04-10 14:26:41'),
	(300,0,0,0,0,0,29,24.4,1023,34.8125,NULL,'2023-04-10 14:26:41'),
	(301,0,0,0,0,0,29,24.3,1023,34.8125,NULL,'2023-04-10 14:26:41'),
	(302,0,0,0,0,0,29,24.4,1023,34.875,NULL,'2023-04-10 14:26:41'),
	(303,0,0,0,0,0,29,24.6,1023,35,NULL,'2023-04-10 14:26:41'),
	(304,0,0,0,0,0,29,24.5,1023,34.875,NULL,'2023-04-10 14:26:41'),
	(305,0,0,0,0,0,29,24.5,1023,35,NULL,'2023-04-10 14:26:41'),
	(306,0,0,0,0,0,29,24.4,1023,35.0625,NULL,'2023-04-10 14:26:41'),
	(307,0,0,0,0,0,29,24.5,1023,35.25,NULL,'2023-04-10 14:26:41'),
	(308,0,0,0,0,0,30,24.4,1023,35.125,NULL,'2023-04-10 14:26:41'),
	(309,0,0,0,0,0,30,24.4,1023,35.0625,NULL,'2023-04-10 14:26:41'),
	(310,0,0,0,0,0,30,24.5,1023,35.125,NULL,'2023-04-10 14:26:41'),
	(311,0,0,0,0,0,30,24.7,1023,35.1875,NULL,'2023-04-10 14:26:41'),
	(312,0,0,0,0,0,29,24.9,1023,35.1875,NULL,'2023-04-10 14:26:41'),
	(313,0,0,0,0,0,29,25.1,1023,35.3125,NULL,'2023-04-10 14:26:41'),
	(314,0,0,0,0,0,29,25.3,1023,35.4375,NULL,'2023-04-10 14:26:41'),
	(315,0,0,0,0,0,29,25.3,1023,35.4375,NULL,'2023-04-10 14:26:41'),
	(316,0,0,0,0,0,29,25.3,1023,35.375,NULL,'2023-04-10 14:26:41'),
	(317,0,0,0,0,0,29,25.1,1023,35.375,NULL,'2023-04-10 14:26:41'),
	(318,0,0,0,0,0,29,25.2,1023,35.4375,NULL,'2023-04-10 14:26:41'),
	(319,0,0,0,0,0,29,25.2,1023,35.4375,NULL,'2023-04-10 14:26:41'),
	(320,0,0,0,0,0,29,25.2,1023,35.4375,NULL,'2023-04-10 14:26:41'),
	(321,0,0,0,0,0,29,25,1023,35.4375,NULL,'2023-04-10 14:26:41'),
	(322,0,0,0,0,0,29,25,1023,35.4375,NULL,'2023-04-10 14:26:41'),
	(323,0,0,0,0,0,29,25.1,1023,35.5,NULL,'2023-04-10 14:26:41'),
	(324,0,0,0,0,0,29,24.7,1023,35.5,NULL,'2023-04-10 14:26:41'),
	(325,0,0,0,0,0,29,24.3,1023,35,NULL,'2023-04-10 14:26:41'),
	(326,0,0,0,0,0,30,24.1,1023,33.6875,NULL,'2023-04-10 14:26:41'),
	(327,0,0,0,0,0,30,24.4,1023,33.4375,NULL,'2023-04-10 14:26:41'),
	(328,0,0,0,0,0,30,24.3,1023,33.0625,NULL,'2023-04-10 14:26:41'),
	(329,0,0,0,0,0,30,24.6,1023,32.875,NULL,'2023-04-10 14:26:41'),
	(330,0,0,0,0,0,30,24.9,1023,32.5,NULL,'2023-04-10 14:26:41'),
	(331,0,0,0,0,0,29,24.8,1023,32.3125,NULL,'2023-04-10 14:26:41'),
	(332,0,0,0,0,0,29,25,1023,32,NULL,'2023-04-10 14:26:41'),
	(333,0,0,0,0,0,29,24.9,1023,31.9375,NULL,'2023-04-10 14:26:41'),
	(334,0,0,0,0,0,29,25.1,1023,31.9375,NULL,'2023-04-10 14:26:41'),
	(335,0,0,0,0,0,29,24.9,1023,31.3125,NULL,'2023-04-10 14:26:41'),
	(336,0,0,0,0,0,29,24.9,1023,31.25,NULL,'2023-04-10 14:26:41'),
	(337,0,0,0,0,0,29,25.1,1023,31.25,NULL,'2023-04-10 14:26:41'),
	(338,0,0,0,0,0,29,25.1,1023,30.8125,NULL,'2023-04-10 14:26:41'),
	(339,0,0,0,0,0,29,25.1,1023,30.6875,NULL,'2023-04-10 14:26:41'),
	(340,0,0,0,0,0,29,25.1,1023,30.5625,NULL,'2023-04-10 14:26:41'),
	(341,0,0,0,0,0,29,25.1,1023,30.4375,NULL,'2023-04-10 14:26:41'),
	(342,0,0,0,0,0,29,25,1023,30.4375,NULL,'2023-04-10 14:26:41'),
	(343,0,0,0,0,0,29,24.9,1023,30.0625,NULL,'2023-04-10 14:26:41'),
	(344,0,0,0,0,0,30,24.5,1023,29.8125,NULL,'2023-04-10 14:26:41'),
	(345,0,0,0,0,0,30,24.6,1023,29.8125,NULL,'2023-04-10 14:26:41'),
	(346,0,0,0,0,0,30,24.3,1023,29.4375,NULL,'2023-04-10 14:26:41'),
	(347,0,0,0,0,0,30,24.3,1023,29.5,NULL,'2023-04-10 14:26:41'),
	(348,0,0,0,0,0,30,24.1,1023,29.5625,NULL,'2023-04-10 14:26:41'),
	(349,0,0,0,0,0,30,24.3,1023,29.1875,NULL,'2023-04-10 14:26:41'),
	(350,0,0,0,0,0,30,24.6,1023,29.1875,NULL,'2023-04-10 14:26:41'),
	(351,0,0,0,0,0,30,24.6,1023,29.0625,NULL,'2023-04-10 14:26:41'),
	(352,0,0,0,0,0,30,24.9,1023,29.0625,NULL,'2023-04-10 14:26:41'),
	(353,0,0,0,0,0,30,24.9,1023,28.75,NULL,'2023-04-10 14:26:41'),
	(354,0,0,0,0,0,0,0,0,0,NULL,'2023-04-10 14:26:41'),
	(355,0,0,0,0,0,0,0,0,0,NULL,'2023-04-10 14:26:41'),
	(356,0,0,0,0,0,0,0,0,0,NULL,'2023-04-10 14:26:41'),
	(357,0,0,0,0,0,0,0,0,0,NULL,'2023-04-10 14:26:41'),
	(358,0,0,0,0,0,1,31,0,0,NULL,'2023-04-10 14:26:41'),
	(359,0,0,0,0,0,0,0,0,0,NULL,'2023-04-10 14:26:41'),
	(360,0,0,0,0,0,0,0,0,0,NULL,'2023-04-10 14:26:41'),
	(361,1,0,0,0,0,0,0,0,0,NULL,'2023-04-10 14:26:41'),
	(362,1,0,0,0,0,0,0,0,0,NULL,'2023-04-10 14:26:41'),
	(363,1,0,0,0,0,0,0,0,0,NULL,'2023-04-10 14:26:41'),
	(364,1,0,0,0,0,0,0,0,0,NULL,'2023-04-10 14:26:41'),
	(365,1,0,0,0,0,0,0,0,0,NULL,'2023-04-10 14:26:41'),
	(366,1,0,0,0,0,0,0,0,0,NULL,'2023-04-10 14:26:41'),
	(367,1,0,0,0,0,0,0,0,0,NULL,'2023-04-10 14:26:41'),
	(368,1,0,0,0,0,0,0,0,0,NULL,'2023-04-10 14:26:41'),
	(369,1,0,0,0,0,0,0,0,0,NULL,'2023-04-10 14:26:41'),
	(370,1,0,0,0,0,0,0,0,0,NULL,'2023-04-10 14:26:41'),
	(371,1,0,0,0,0,0,0,0,0,NULL,'2023-04-10 14:26:41'),
	(372,1,0,0,0,0,0,0,0,0,NULL,'2023-04-10 14:26:41'),
	(373,1,0,0,0,0,0,0,0,0,NULL,'2023-04-10 14:26:41'),
	(374,1,0,0,0,0,0,0,0,0,NULL,'2023-04-10 14:26:41'),
	(375,0,0,0,0,0,0,0,0,0,NULL,'2023-04-10 14:26:41'),
	(376,0,0,0,0,0,0,0,0,0,NULL,'2023-04-10 14:26:41'),
	(377,0,0,0,0,0,0,0,0,0,NULL,'2023-04-10 14:26:41'),
	(378,0,0,0,0,0,72,22.6,1023,21.6875,NULL,'2023-04-10 14:26:41'),
	(379,0,0,0,0,0,72,22.6,1023,21.6875,NULL,'2023-04-10 14:26:41'),
	(380,0,0,0,0,0,72,22.6,1023,21.75,NULL,'2023-04-10 14:26:41'),
	(381,0,0,0,0,0,72,22.5,65,21.625,NULL,'2023-04-10 14:26:41'),
	(382,0,0,0,0,0,72,22.4,67,21.625,NULL,'2023-04-10 14:26:41'),
	(383,0,0,0,0,0,72,22.5,77,21.5,NULL,'2023-04-10 14:26:41'),
	(384,0,0,0,0,0,73,22.4,75,21.375,NULL,'2023-04-10 14:26:41'),
	(385,0,0,0,0,0,73,22.5,82,21.4375,NULL,'2023-04-10 14:26:41'),
	(386,0,0,0,0,0,0,0,0,0,NULL,'2023-04-10 14:26:41'),
	(387,0,0,0,0,0,0,0,0,0,NULL,'2023-04-10 14:26:41'),
	(388,0,0,0,0,0,0,0,0,0,NULL,'2023-04-10 14:26:41'),
	(389,0,0,0,0,0,0,0,0,0,NULL,'2023-04-10 14:26:41'),
	(390,0,0,0,0,0,0,0,0,0,NULL,'2023-04-10 14:26:41'),
	(391,0,0,0,0,0,0,0,0,0,NULL,'2023-04-10 14:26:41'),
	(392,0,0,0,0,0,0,0,0,0,NULL,'2023-04-10 14:26:41'),
	(393,0,0,0,0,0,0,0,0,0,NULL,'2023-04-10 14:26:41'),
	(394,0,0,0,0,0,0,0,0,0,NULL,'2023-04-10 14:26:41'),
	(395,2,0,0,0,0,0,0,0,0,NULL,'2023-04-10 14:26:41'),
	(396,0,0,0,0,0,0,0,0,0,NULL,'2023-04-10 14:26:41'),
	(397,0,0,0,0,0,0,0,0,0,NULL,'2023-04-10 14:26:41'),
	(398,0,0,0,0,0,0,0,0,0,NULL,'2023-04-10 14:26:41'),
	(399,0,0,0,0,0,0,0,0,0,NULL,'2023-04-10 14:26:41'),
	(400,0,0,0,0,0,0,0,0,0,NULL,'2023-04-10 14:26:41');

/*!40000 ALTER TABLE `PLANT_SR` ENABLE KEYS */;
UNLOCK TABLES;


# Dump of table PLANT_SR_AVG
# ------------------------------------------------------------

DROP TABLE IF EXISTS `PLANT_SR_AVG`;

CREATE TABLE `PLANT_SR_AVG` (
  `PLANT_SR_AVG_NO` int(11) unsigned NOT NULL AUTO_INCREMENT,
  `PLANT_SR_AVG_DHT` int(11) DEFAULT NULL,
  `PLANT_NO` int(11) DEFAULT NULL,
  PRIMARY KEY (`PLANT_SR_AVG_NO`)
) ENGINE=InnoDB DEFAULT CHARSET=utf8;



# Dump of table PLANT_STAT
# ------------------------------------------------------------

DROP TABLE IF EXISTS `PLANT_STAT`;

CREATE TABLE `PLANT_STAT` (
  `PLANT_STAT_NO` int(11) unsigned NOT NULL AUTO_INCREMENT,
  `PLANT_NO` int(11) unsigned NOT NULL,
  `PLANT_STAT_HEIGHT` int(11) DEFAULT NULL,
  `PLANT_STAT_DAY` int(11) DEFAULT NULL COMMENT '식물 길이 데이터 (일차)',
  PRIMARY KEY (`PLANT_STAT_NO`),
  KEY `PLANT_NO` (`PLANT_NO`),
  CONSTRAINT `PLANT_STAT_ibfk_1` FOREIGN KEY (`PLANT_NO`) REFERENCES `PLANT` (`PLANT_NO`)
) ENGINE=InnoDB DEFAULT CHARSET=utf8;



# Dump of table PRICE_HISTORY
# ------------------------------------------------------------

DROP TABLE IF EXISTS `PRICE_HISTORY`;

CREATE TABLE `PRICE_HISTORY` (
  `PLANT_PRICE_NO` int(11) unsigned NOT NULL AUTO_INCREMENT,
  `PLANT_NO` int(11) DEFAULT NULL,
  `PLANT_PRICE_VAL` int(11) DEFAULT NULL,
  `PLANT_PRICE_CREATETIME` timestamp NULL DEFAULT current_timestamp() ON UPDATE current_timestamp(),
  PRIMARY KEY (`PLANT_PRICE_NO`)
) ENGINE=InnoDB DEFAULT CHARSET=utf8;



# Dump of table SR
# ------------------------------------------------------------

DROP TABLE IF EXISTS `SR`;

CREATE TABLE `SR` (
  `SR_NO` int(11) unsigned NOT NULL AUTO_INCREMENT,
  `SR_NM` varchar(20) DEFAULT NULL,
  `SR_CLM_NM` varchar(11) DEFAULT NULL COMMENT '센서 테이블 컬럼 이름',
  `SR_CREATETIME` timestamp NOT NULL DEFAULT current_timestamp() ON UPDATE current_timestamp(),
  PRIMARY KEY (`SR_NO`)
) ENGINE=InnoDB AUTO_INCREMENT=25 DEFAULT CHARSET=utf8mb4;

LOCK TABLES `SR` WRITE;
/*!40000 ALTER TABLE `SR` DISABLE KEYS */;

INSERT INTO `SR` (`SR_NO`, `SR_NM`, `SR_CLM_NM`, `SR_CREATETIME`)
VALUES
	(1,'온습도 센서','SR_DHT_NO','2023-04-06 09:25:26'),
	(2,'조도 센서','SR_PR_NO','2023-04-06 09:25:30'),
	(3,'물온도 센서 ','SR_WT_NO','2023-04-06 09:25:34'),
	(4,'LED 센서 ','SR_LED_NO','2023-04-06 09:25:39'),
	(5,'물 펌프 센서','SR_WP_NO','2023-04-06 09:25:42');

/*!40000 ALTER TABLE `SR` ENABLE KEYS */;
UNLOCK TABLES;


# Dump of table SR_CTRL
# ------------------------------------------------------------

DROP TABLE IF EXISTS `SR_CTRL`;

CREATE TABLE `SR_CTRL` (
  `SR_CTRL_NO` int(11) unsigned NOT NULL AUTO_INCREMENT,
  `USER_NO` int(11) unsigned NOT NULL,
  `SR_WP_NO` int(11) unsigned NOT NULL,
  `SR_LED_NO` int(11) unsigned NOT NULL,
  `WH_PLANT_NO` int(11) unsigned NOT NULL,
  `SR_WP_TF` int(1) unsigned DEFAULT NULL,
  `SR_LED_TF` int(1) unsigned DEFAULT NULL,
  `SR_UPDATETIME` timestamp NOT NULL DEFAULT current_timestamp() ON UPDATE current_timestamp(),
  `SR_CREATETIME` timestamp NULL DEFAULT current_timestamp() ON UPDATE current_timestamp(),
  PRIMARY KEY (`SR_CTRL_NO`),
  KEY `USER_NO` (`USER_NO`),
  KEY `SR_WP_NO` (`SR_WP_NO`),
  KEY `SR_LED_NO` (`SR_LED_NO`),
  KEY `WH_PLANT_NO` (`WH_PLANT_NO`),
  CONSTRAINT `SR_CTRL_ibfk_1` FOREIGN KEY (`SR_WP_NO`) REFERENCES `SR_WP` (`SR_WP_NO`),
  CONSTRAINT `SR_CTRL_ibfk_2` FOREIGN KEY (`SR_LED_NO`) REFERENCES `SR_LED` (`SR_LED_NO`),
  CONSTRAINT `SR_CTRL_ibfk_3` FOREIGN KEY (`WH_PLANT_NO`) REFERENCES `WH_PLANT` (`WH_PLANT_NO`),
  CONSTRAINT `USER_NO` FOREIGN KEY (`USER_NO`) REFERENCES `USER` (`USER_NO`)
) ENGINE=InnoDB AUTO_INCREMENT=2 DEFAULT CHARSET=utf8;

LOCK TABLES `SR_CTRL` WRITE;
/*!40000 ALTER TABLE `SR_CTRL` DISABLE KEYS */;

INSERT INTO `SR_CTRL` (`SR_CTRL_NO`, `USER_NO`, `SR_WP_NO`, `SR_LED_NO`, `WH_PLANT_NO`, `SR_WP_TF`, `SR_LED_TF`, `SR_UPDATETIME`, `SR_CREATETIME`)
VALUES
	(0,0,0,0,0,1,0,'2023-04-11 10:42:43','2023-04-11 10:42:43');

/*!40000 ALTER TABLE `SR_CTRL` ENABLE KEYS */;
UNLOCK TABLES;


# Dump of table SR_DHT
# ------------------------------------------------------------

DROP TABLE IF EXISTS `SR_DHT`;

CREATE TABLE `SR_DHT` (
  `SR_DHT_NO` int(11) unsigned NOT NULL AUTO_INCREMENT,
  `PLANT_NO` int(11) unsigned NOT NULL,
  `SR_DHT_CREATETIME` timestamp NOT NULL DEFAULT current_timestamp() ON UPDATE current_timestamp(),
  `WH_PLANT_NO` int(11) DEFAULT NULL,
  PRIMARY KEY (`SR_DHT_NO`),
  KEY `PLANT_NO` (`PLANT_NO`),
  CONSTRAINT `SR_DHT_ibfk_1` FOREIGN KEY (`PLANT_NO`) REFERENCES `PLANT` (`PLANT_NO`)
) ENGINE=InnoDB AUTO_INCREMENT=2 DEFAULT CHARSET=utf8mb4;

LOCK TABLES `SR_DHT` WRITE;
/*!40000 ALTER TABLE `SR_DHT` DISABLE KEYS */;

INSERT INTO `SR_DHT` (`SR_DHT_NO`, `PLANT_NO`, `SR_DHT_CREATETIME`, `WH_PLANT_NO`)
VALUES
	(0,0,'2023-04-06 11:58:51',NULL);

/*!40000 ALTER TABLE `SR_DHT` ENABLE KEYS */;
UNLOCK TABLES;


# Dump of table SR_LED
# ------------------------------------------------------------

DROP TABLE IF EXISTS `SR_LED`;

CREATE TABLE `SR_LED` (
  `SR_LED_NO` int(11) unsigned NOT NULL AUTO_INCREMENT COMMENT '조도센서 번호',
  `PLANT_NO` int(11) unsigned NOT NULL,
  `SR_LED_CREATETIME` timestamp NOT NULL DEFAULT current_timestamp() ON UPDATE current_timestamp(),
  `WH_PLANT_NO` int(11) DEFAULT NULL,
  PRIMARY KEY (`SR_LED_NO`),
  KEY `PLANT_NO` (`PLANT_NO`),
  CONSTRAINT `SR_LED_ibfk_1` FOREIGN KEY (`PLANT_NO`) REFERENCES `PLANT` (`PLANT_NO`)
) ENGINE=InnoDB AUTO_INCREMENT=2 DEFAULT CHARSET=utf8mb4;

LOCK TABLES `SR_LED` WRITE;
/*!40000 ALTER TABLE `SR_LED` DISABLE KEYS */;

INSERT INTO `SR_LED` (`SR_LED_NO`, `PLANT_NO`, `SR_LED_CREATETIME`, `WH_PLANT_NO`)
VALUES
	(0,0,'2023-04-10 11:35:31',NULL);

/*!40000 ALTER TABLE `SR_LED` ENABLE KEYS */;
UNLOCK TABLES;


# Dump of table SR_PR
# ------------------------------------------------------------

DROP TABLE IF EXISTS `SR_PR`;

CREATE TABLE `SR_PR` (
  `SR_PR_NO` int(11) unsigned NOT NULL AUTO_INCREMENT COMMENT '조도센서 번호',
  `PLANT_NO` int(11) unsigned NOT NULL,
  `WH_PLANT_NO` int(11) DEFAULT NULL,
  `SR_PR_CREATETIME` timestamp NOT NULL DEFAULT current_timestamp() ON UPDATE current_timestamp(),
  PRIMARY KEY (`SR_PR_NO`),
  KEY `PLANT_NO` (`PLANT_NO`),
  CONSTRAINT `SR_PR_ibfk_1` FOREIGN KEY (`PLANT_NO`) REFERENCES `PLANT` (`PLANT_NO`)
) ENGINE=InnoDB AUTO_INCREMENT=2 DEFAULT CHARSET=utf8mb4;

LOCK TABLES `SR_PR` WRITE;
/*!40000 ALTER TABLE `SR_PR` DISABLE KEYS */;

INSERT INTO `SR_PR` (`SR_PR_NO`, `PLANT_NO`, `WH_PLANT_NO`, `SR_PR_CREATETIME`)
VALUES
	(0,0,NULL,'2023-04-10 11:31:32');

/*!40000 ALTER TABLE `SR_PR` ENABLE KEYS */;
UNLOCK TABLES;


# Dump of table SR_WP
# ------------------------------------------------------------

DROP TABLE IF EXISTS `SR_WP`;

CREATE TABLE `SR_WP` (
  `SR_WP_NO` int(11) unsigned NOT NULL AUTO_INCREMENT,
  `PLANT_NO` int(11) unsigned NOT NULL,
  `WH_PLANT_NO` int(11) DEFAULT NULL,
  `SR_WP_CREATETIME` timestamp NOT NULL DEFAULT '0000-00-00 00:00:00' ON UPDATE current_timestamp(),
  PRIMARY KEY (`SR_WP_NO`),
  KEY `PLANT_NO` (`PLANT_NO`),
  CONSTRAINT `SR_WP_ibfk_1` FOREIGN KEY (`PLANT_NO`) REFERENCES `PLANT` (`PLANT_NO`)
) ENGINE=InnoDB AUTO_INCREMENT=2 DEFAULT CHARSET=utf8mb4;

LOCK TABLES `SR_WP` WRITE;
/*!40000 ALTER TABLE `SR_WP` DISABLE KEYS */;

INSERT INTO `SR_WP` (`SR_WP_NO`, `PLANT_NO`, `WH_PLANT_NO`, `SR_WP_CREATETIME`)
VALUES
	(0,0,NULL,'2023-04-06 13:49:39');

/*!40000 ALTER TABLE `SR_WP` ENABLE KEYS */;
UNLOCK TABLES;


# Dump of table SR_WT
# ------------------------------------------------------------

DROP TABLE IF EXISTS `SR_WT`;

CREATE TABLE `SR_WT` (
  `SR_WT_NO` int(11) unsigned NOT NULL AUTO_INCREMENT,
  `WH_PLANT_NO` int(11) DEFAULT NULL,
  `PLANT_NO` int(11) unsigned NOT NULL,
  `SR_WT_CREATETIME` timestamp NOT NULL DEFAULT '0000-00-00 00:00:00' ON UPDATE current_timestamp(),
  PRIMARY KEY (`SR_WT_NO`),
  KEY `PLANT_NO` (`PLANT_NO`),
  CONSTRAINT `SR_WT_ibfk_1` FOREIGN KEY (`PLANT_NO`) REFERENCES `PLANT` (`PLANT_NO`)
) ENGINE=InnoDB AUTO_INCREMENT=2 DEFAULT CHARSET=utf8mb4;

LOCK TABLES `SR_WT` WRITE;
/*!40000 ALTER TABLE `SR_WT` DISABLE KEYS */;

INSERT INTO `SR_WT` (`SR_WT_NO`, `WH_PLANT_NO`, `PLANT_NO`, `SR_WT_CREATETIME`)
VALUES
	(0,NULL,0,'2023-04-06 13:49:52');

/*!40000 ALTER TABLE `SR_WT` ENABLE KEYS */;
UNLOCK TABLES;


# Dump of table USER
# ------------------------------------------------------------

DROP TABLE IF EXISTS `USER`;

CREATE TABLE `USER` (
  `USER_NO` int(11) unsigned NOT NULL AUTO_INCREMENT,
  `USER_ID` varchar(20) DEFAULT NULL,
  `USER_EMAIL` varchar(200) DEFAULT NULL,
  `USER_NM` varchar(30) NOT NULL,
  `USER_NICKNM` varchar(30) DEFAULT NULL,
  `USER_PW` text NOT NULL,
  `USER_BIRTHDATE` date DEFAULT NULL,
  `USER_CREATETIME` timestamp NOT NULL DEFAULT '0000-00-00 00:00:00' ON UPDATE current_timestamp(),
  `USER_MODIFYTIME` timestamp NULL DEFAULT current_timestamp() ON UPDATE current_timestamp(),
  PRIMARY KEY (`USER_NO`)
) ENGINE=InnoDB DEFAULT CHARSET=utf8mb4;

LOCK TABLES `USER` WRITE;
/*!40000 ALTER TABLE `USER` DISABLE KEYS */;

INSERT INTO `USER` (`USER_NO`, `USER_ID`, `USER_EMAIL`, `USER_NM`, `USER_NICKNM`, `USER_PW`, `USER_BIRTHDATE`, `USER_CREATETIME`, `USER_MODIFYTIME`)
VALUES
	(0,'test',NULL,'테스트 계쩡','관리자 입니당','test1234',NULL,'2023-04-11 10:28:47','2023-04-11 10:28:47');

/*!40000 ALTER TABLE `USER` ENABLE KEYS */;
UNLOCK TABLES;


# Dump of table USER_MILEAGE
# ------------------------------------------------------------

DROP TABLE IF EXISTS `USER_MILEAGE`;

CREATE TABLE `USER_MILEAGE` (
  `USER_MILEAGE_NO` int(11) unsigned NOT NULL AUTO_INCREMENT,
  `USER_NO` int(11) unsigned NOT NULL,
  `USER_MILEAGE_VALUE` int(11) NOT NULL DEFAULT 0,
  `USER_MILEAGE_CONTENT` varchar(200) DEFAULT NULL COMMENT '마일리지 지급처',
  `USER_MILEAGE_PAYMENT` varchar(200) DEFAULT NULL COMMENT '마일리지 사용처',
  `USER_MILEAGE_ABLE` int(11) unsigned DEFAULT NULL COMMENT '0: 불능, 1: 사용 가능',
  `USER_MILEAGE_CREATETIME` timestamp NULL DEFAULT current_timestamp() ON UPDATE current_timestamp(),
  PRIMARY KEY (`USER_MILEAGE_NO`),
  KEY `USER_NO` (`USER_NO`),
  CONSTRAINT `USER_MILEAGE_ibfk_1` FOREIGN KEY (`USER_NO`) REFERENCES `USER` (`USER_NO`)
) ENGINE=InnoDB DEFAULT CHARSET=utf8;



# Dump of table USER_PLANT
# ------------------------------------------------------------

DROP TABLE IF EXISTS `USER_PLANT`;

CREATE TABLE `USER_PLANT` (
  `USER_PLANT_NO` int(11) unsigned NOT NULL AUTO_INCREMENT,
  `WH_PLANT_NO` int(11) unsigned NOT NULL,
  `PLANT_NO` int(11) unsigned NOT NULL,
  `USER_NO` int(11) unsigned NOT NULL,
  `USER_PLANT_NM` varchar(30) DEFAULT NULL,
  `USER_PLANT_CREATETIME` timestamp NOT NULL DEFAULT current_timestamp() ON UPDATE current_timestamp(),
  `USER_PLANT_MODIFYTIME` timestamp NOT NULL DEFAULT current_timestamp() ON UPDATE current_timestamp(),
  PRIMARY KEY (`USER_PLANT_NO`),
  KEY `PLANT_NO` (`PLANT_NO`),
  KEY `USER_NO` (`USER_NO`),
  KEY `WH_PLANT_NO` (`WH_PLANT_NO`),
  CONSTRAINT `USER_PLANT_ibfk_1` FOREIGN KEY (`PLANT_NO`) REFERENCES `PLANT` (`PLANT_NO`),
  CONSTRAINT `USER_PLANT_ibfk_2` FOREIGN KEY (`USER_NO`) REFERENCES `USER` (`USER_NO`),
  CONSTRAINT `USER_PLANT_ibfk_3` FOREIGN KEY (`WH_PLANT_NO`) REFERENCES `WH_PLANT` (`WH_PLANT_NO`)
) ENGINE=InnoDB DEFAULT CHARSET=utf8mb4;

LOCK TABLES `USER_PLANT` WRITE;
/*!40000 ALTER TABLE `USER_PLANT` DISABLE KEYS */;

INSERT INTO `USER_PLANT` (`USER_PLANT_NO`, `WH_PLANT_NO`, `PLANT_NO`, `USER_NO`, `USER_PLANT_NM`, `USER_PLANT_CREATETIME`, `USER_PLANT_MODIFYTIME`)
VALUES
	(0,0,0,0,'콩콩이','2023-04-10 14:12:23','2023-04-10 14:12:23');

/*!40000 ALTER TABLE `USER_PLANT` ENABLE KEYS */;
UNLOCK TABLES;


# Dump of table USER_SR_IMSI
# ------------------------------------------------------------

DROP TABLE IF EXISTS `USER_SR_IMSI`;

CREATE TABLE `USER_SR_IMSI` (
  `USER_SR_NO` int(11) unsigned NOT NULL AUTO_INCREMENT,
  `USER_NO` int(11) DEFAULT NULL,
  `SR_DHT_NO` int(11) DEFAULT NULL,
  `SR_LED_NO` int(11) DEFAULT NULL,
  `SR_PR_NO` int(11) DEFAULT NULL,
  `SR_WP_NO` int(11) DEFAULT NULL,
  `SR_WT_NO` int(11) DEFAULT NULL,
  `USER_SR_TIMESTAMP` timestamp NULL DEFAULT current_timestamp() ON UPDATE current_timestamp(),
  PRIMARY KEY (`USER_SR_NO`)
) ENGINE=InnoDB DEFAULT CHARSET=utf8;



# Dump of table WH_PLANT
# ------------------------------------------------------------

DROP TABLE IF EXISTS `WH_PLANT`;

CREATE TABLE `WH_PLANT` (
  `WH_PLANT_NO` int(11) unsigned NOT NULL AUTO_INCREMENT COMMENT '식물 재배 창고 칸 번호',
  `USER_NO` int(11) DEFAULT NULL COMMENT '해당 칸을 소유한 유저 고유 번호',
  `PLANT_NO` int(11) DEFAULT NULL COMMENT '식물 종류 고유 번호',
  `WH_PLANT_OBS_NO` int(11) DEFAULT NULL COMMENT '해당 칸 관리자 고유 번호 ',
  `WH_PLANT_CREATETIME` timestamp NOT NULL DEFAULT current_timestamp() ON UPDATE current_timestamp(),
  `WH_PLANT_MODIFYTIME` timestamp NOT NULL DEFAULT current_timestamp() ON UPDATE current_timestamp(),
  PRIMARY KEY (`WH_PLANT_NO`)
) ENGINE=InnoDB AUTO_INCREMENT=52 DEFAULT CHARSET=utf8;

LOCK TABLES `WH_PLANT` WRITE;
/*!40000 ALTER TABLE `WH_PLANT` DISABLE KEYS */;

INSERT INTO `WH_PLANT` (`WH_PLANT_NO`, `USER_NO`, `PLANT_NO`, `WH_PLANT_OBS_NO`, `WH_PLANT_CREATETIME`, `WH_PLANT_MODIFYTIME`)
VALUES
	(0,0,0,NULL,'2023-04-10 14:02:03','2023-04-10 14:04:30'),
	(1,NULL,NULL,NULL,'2023-04-10 14:07:00','2023-04-10 14:07:00'),
	(2,NULL,NULL,NULL,'2023-04-10 14:07:00','2023-04-10 14:07:00'),
	(3,NULL,NULL,NULL,'2023-04-10 14:07:34','2023-04-10 14:07:34'),
	(4,NULL,NULL,NULL,'2023-04-10 14:07:34','2023-04-10 14:07:34'),
	(5,NULL,NULL,NULL,'2023-04-10 14:07:34','2023-04-10 14:07:34'),
	(6,NULL,NULL,NULL,'2023-04-10 14:07:34','2023-04-10 14:07:34'),
	(7,NULL,NULL,NULL,'2023-04-10 14:07:34','2023-04-10 14:07:34'),
	(8,NULL,NULL,NULL,'2023-04-10 14:07:35','2023-04-10 14:07:35'),
	(9,NULL,NULL,NULL,'2023-04-10 14:07:35','2023-04-10 14:07:35'),
	(10,NULL,NULL,NULL,'2023-04-10 14:07:36','2023-04-10 14:07:36'),
	(11,NULL,NULL,NULL,'2023-04-10 14:07:36','2023-04-10 14:07:36'),
	(12,NULL,NULL,NULL,'2023-04-10 14:07:36','2023-04-10 14:07:36'),
	(13,NULL,NULL,NULL,'2023-04-10 14:07:36','2023-04-10 14:07:36'),
	(14,NULL,NULL,NULL,'2023-04-10 14:07:37','2023-04-10 14:07:37'),
	(15,NULL,NULL,NULL,'2023-04-10 14:07:37','2023-04-10 14:07:37'),
	(16,NULL,NULL,NULL,'2023-04-10 14:07:37','2023-04-10 14:07:37'),
	(17,NULL,NULL,NULL,'2023-04-10 14:07:37','2023-04-10 14:07:37'),
	(18,NULL,NULL,NULL,'2023-04-10 14:07:37','2023-04-10 14:07:37'),
	(19,NULL,NULL,NULL,'2023-04-10 14:07:37','2023-04-10 14:07:37'),
	(20,NULL,NULL,NULL,'2023-04-10 14:07:38','2023-04-10 14:07:38'),
	(21,NULL,NULL,NULL,'2023-04-10 14:07:38','2023-04-10 14:07:38'),
	(22,NULL,NULL,NULL,'2023-04-10 14:07:38','2023-04-10 14:07:38'),
	(23,NULL,NULL,NULL,'2023-04-10 14:07:39','2023-04-10 14:07:39'),
	(24,NULL,NULL,NULL,'2023-04-10 14:07:39','2023-04-10 14:07:39'),
	(25,NULL,NULL,NULL,'2023-04-10 14:07:39','2023-04-10 14:07:39'),
	(26,NULL,NULL,NULL,'2023-04-10 14:07:39','2023-04-10 14:07:39'),
	(27,NULL,NULL,NULL,'2023-04-10 14:07:39','2023-04-10 14:07:39'),
	(28,NULL,NULL,NULL,'2023-04-10 14:07:40','2023-04-10 14:07:40'),
	(29,NULL,NULL,NULL,'2023-04-10 14:07:40','2023-04-10 14:07:40'),
	(30,NULL,NULL,NULL,'2023-04-10 14:07:41','2023-04-10 14:07:41'),
	(31,NULL,NULL,NULL,'2023-04-10 14:07:42','2023-04-10 14:07:42'),
	(32,NULL,NULL,NULL,'2023-04-10 14:07:42','2023-04-10 14:07:42'),
	(33,NULL,NULL,NULL,'2023-04-10 14:07:42','2023-04-10 14:07:42'),
	(34,NULL,NULL,NULL,'2023-04-10 14:07:42','2023-04-10 14:07:42'),
	(35,NULL,NULL,NULL,'2023-04-10 14:07:42','2023-04-10 14:07:42'),
	(36,NULL,NULL,NULL,'2023-04-10 14:07:43','2023-04-10 14:07:43'),
	(37,NULL,NULL,NULL,'2023-04-10 14:07:43','2023-04-10 14:07:43'),
	(38,NULL,NULL,NULL,'2023-04-10 14:07:43','2023-04-10 14:07:43'),
	(39,NULL,NULL,NULL,'2023-04-10 14:07:43','2023-04-10 14:07:43'),
	(40,NULL,NULL,NULL,'2023-04-10 14:07:43','2023-04-10 14:07:43'),
	(41,NULL,NULL,NULL,'2023-04-10 14:07:43','2023-04-10 14:07:43'),
	(42,NULL,NULL,NULL,'2023-04-10 14:07:44','2023-04-10 14:07:44'),
	(43,NULL,NULL,NULL,'2023-04-10 14:07:44','2023-04-10 14:07:44'),
	(44,NULL,NULL,NULL,'2023-04-10 14:07:44','2023-04-10 14:07:44'),
	(45,NULL,NULL,NULL,'2023-04-10 14:07:44','2023-04-10 14:07:44'),
	(46,NULL,NULL,NULL,'2023-04-10 14:07:44','2023-04-10 14:07:44'),
	(47,NULL,NULL,NULL,'2023-04-10 14:07:45','2023-04-10 14:07:45'),
	(48,NULL,NULL,NULL,'2023-04-10 14:07:45','2023-04-10 14:07:45'),
	(49,NULL,NULL,NULL,'2023-04-10 14:07:45','2023-04-10 14:07:45'),
	(50,NULL,NULL,NULL,'2023-04-10 14:07:45','2023-04-10 14:07:45'),
	(51,NULL,NULL,NULL,'2023-04-10 14:07:48','2023-04-10 14:07:48');

/*!40000 ALTER TABLE `WH_PLANT` ENABLE KEYS */;
UNLOCK TABLES;



/*!40111 SET SQL_NOTES=@OLD_SQL_NOTES */;
/*!40101 SET SQL_MODE=@OLD_SQL_MODE */;
/*!40014 SET FOREIGN_KEY_CHECKS=@OLD_FOREIGN_KEY_CHECKS */;
/*!40101 SET CHARACTER_SET_CLIENT=@OLD_CHARACTER_SET_CLIENT */;
/*!40101 SET CHARACTER_SET_RESULTS=@OLD_CHARACTER_SET_RESULTS */;
/*!40101 SET COLLATION_CONNECTION=@OLD_COLLATION_CONNECTION */;
